Category,Subreddit title,Subscriber count
General,/r/nsfw,"4,217,546"
General,/r/nsfw2,"292,568"
General,/r/bonermaterial,"780,319"
General,/r/nsfw411,"1,126,733"
General,/r/iWantToFuckHer,"341,880"
General,/r/exxxtras,"580,030"
General,/r/distension,"506,272"
General,/r/bimbofetish,"751,904"
General,/r/christiangirls,"341,480"
General,/r/dirtygaming,"272,537"
General,/r/sexybutnotporn,"477,876"
General,/r/femalepov,"347,561"
General,/r/omgbeckylookathiscock,"279,813"
General,/r/sexygirls,"440,870"
General,/r/breedingmaterial,"2,583,078"
General,/r/canthold,"426,557"
General,/r/toocuteforporn,"1,218,765"
General,/r/justhotwomen,"311,229"
General,/r/stripgirls,"616,406"
General,/r/hotstuffnsfw,"407,775"
General,/r/uncommonposes,"229,530"
General,/r/gifsofremoval,"278,766"
General,/r/nostalgiafapping,"573,408"
General,/r/truefmk,"348,486"
General,/r/nudes,"2,161,207"
General,/r/slut,"2,020,483"
Looking for,/r/TipOfMyPenis,"930,402"
Looking for,/r/pornID,"1,540,135"
MILF,/r/milf,"2,395,912"
MILF,/r/gonewild30plus,"1,244,720"
MILF,/r/preggoporn,"615,787"
MILF,/r/realmoms,"429,145"
MILF,/r/agedbeauty,"396,049"
MILF,/r/40plusgonewild,"713,436"
MILF,/r/maturemilf,"1,015,320"
Teen,/r/legalteens,"2,981,314"
Teen,/r/collegesluts,"2,781,722"
Teen,/r/adorableporn,"2,251,016"
Teen,/r/gonewild18,"1,502,820"
Teen,/r/18_19,"1,544,421"
Teen,/r/just18,"235,786"
Teen,/r/PornStarletHQ,"563,511"
Teen,/r/fauxbait,"327,094"
Teen,/r/barelylegalteens,"1,641,980"
Amateur,/r/realgirls,"3,752,611"
Amateur,/r/amateur,"1,505,257"
Amateur,/r/homemadexxx,"898,306"
Amateur,/r/dirtypenpals,"576,028"
Amateur,/r/FestivalSluts,"854,069"
Amateur,/r/CollegeAmateurs,"1,114,069"
Amateur,/r/amateurcumsluts,"1,275,159"
Amateur,/r/nsfw_amateurs,"560,016"
Amateur,/r/funwithfriends,"605,425"
Amateur,/r/randomsexiness,"397,758"
Amateur,/r/amateurporn,"678,552"
Amateur,/r/normalnudes,"729,603"
Amateur,/r/irlgirls,"729,388"
Amateur,/r/verifiedamateurs,"328,705"
Amateur,/r/NSFWverifiedamateurs,"1,026,421"
Cam,/r/camsluts,"847,338"
Gonewild,/r/GoneWild,"4,634,054"
Gonewild,/r/PetiteGoneWild,"2,373,462"
Gonewild,/r/gonewildstories,"811,925"
Gonewild,/r/GoneWildTube,"334,074"
Gonewild,/r/treesgonewild,"273,344"
Gonewild,/r/gonewildaudio,"1,387,241"
Gonewild,/r/GWNerdy,"600,463"
Gonewild,/r/gonemild,"613,380"
Gonewild,/r/altgonewild,"1,171,431"
Gonewild,/r/gifsgonewild,"481,572"
Gonewild,/r/analgw,"1,126,528"
Gonewild,/r/gonewildsmiles,"497,811"
Gonewild,/r/onstageGW,"229,304"
Gonewild,/r/bdsmgw,"801,060"
Gonewild,/r/UnderwearGW,"798,139"
Gonewild,/r/LabiaGW,"790,381"
Gonewild,/r/TributeMe,"412,508"
Gonewild,/r/WeddingsGoneWild,"315,902"
Gonewild,/r/gwpublic,"970,582"
Gonewild,/r/assholegonewild,"990,674"
Gonewild,/r/leggingsgonewild,"358,745"
Gonewild,/r/dykesgonewild,"431,284"
Gonewild,/r/goneerotic,"351,601"
Gonewild,/r/gonewildhairy,"299,060"
Gonewild,/r/gonewildtrans,"696,355"
Gonewild,/r/gonwild,"57,865"
Gonewild,/r/ratemynudebody,"511,999"
Age,/r/gonewild30plus,"1,244,720"
Age,/r/gonewild18,"1,502,820"
Age,/r/onmww,"260,004"
Age,/r/40plusgonewild,"713,436"
Couples,/r/GWCouples,"970,862"
Couples,/r/gonewildcouples,"1,155,711"
Couples,/r/gwcumsluts,"604,810"
Couples,/r/WouldYouFuckMyWife,"770,366"
Couples,/r/couplesgonewild,"967,119"
Curves,/r/gonewildcurvy,"706,215"
Curves,/r/GoneWildplus,"430,684"
Curves,/r/BigBoobsGW,"1,502,574"
Curves,/r/bigboobsgonewild,"374,052"
Curves,/r/mycleavage,"231,403"
Curves,/r/gonewildchubby,"319,849"
Ethnicity,/r/AsiansGoneWild,"2,776,193"
Ethnicity,/r/gonewildcolor,"701,068"
Ethnicity,/r/indiansgonewild,"962,255"
Ethnicity,/r/latinasgw,"468,224"
Ethnicity,/r/pawgtastic,"308,207"
Occupation,/r/workgonewild,"1,352,072"
Occupation,/r/GoneWildScrubs,"414,042"
Occupation,/r/swingersgw,"752,401"
Occupation,/r/militarygonewild,"260,364"
Snapchat,/r/NSFW_Snapchat,"787,852"
Snapchat,/r/snapleaks,"852,801"
Wives,/r/wifesharing,"980,896"
Wives,/r/hotwife,"1,455,686"
Wives,/r/wouldyoufuckmywife,"770,366"
Wives,/r/slutwife,"805,090"
Wives,/r/naughtywives,"1,216,528"
Animated,/r/rule34,"3,042,586"
Animated,/r/ecchi,"649,292"
Animated,/r/futanari,"928,167"
Animated,/r/doujinshi,"496,001"
Animated,/r/yiff,"455,558"
Animated,/r/furry,"369,049"
Animated,/r/monstergirl,"578,464"
Comics,/r/rule34_comics,"510,031"
Comics,/r/sex_comics,"545,688"
Hentai,/r/hentai,"3,381,680"
Hentai,/r/hentai_gif,"1,557,033"
Hentai,/r/WesternHentai,"378,333"
Hentai,/r/hentai_irl,"228,550"
Hentai,/r/traphentai,"636,825"
Hentai,/r/hentaibondage,"551,368"
Video Games,/r/overwatch_porn,"808,462"
Video Games,/r/pokeporn,"435,728"
Video Games,/r/bowsette,"138,679"
Video Games,/r/rule34lol,"474,112"
BDSM,/r/BDSM,"1,022,421"
BDSM,/r/Bondage,"635,172"
BDSM,/r/BDSMcommunity,"474,604"
BDSM,/r/bdsmgw,"801,060"
BDSM,/r/femdom,"580,546"
Blowjobs,/r/blowjobs,"1,918,513"
Blowjobs,/r/lipsthatgrip,"1,918,869"
Blowjobs,/r/deepthroat,"1,450,808"
Blowjobs,/r/blowjobsandwich,"533,563"
Blowjobs,/r/iwanttosuckcock,"941,289"
Ass,/r/ass,"2,313,460"
Ass,/r/asstastic,"1,340,460"
Ass,/r/facedownassup,"857,079"
Ass,/r/assinthong,"649,949"
Ass,/r/bigasses,"1,808,137"
Ass,/r/buttplug,"829,971"
Ass,/r/TheUnderbun,"212,974"
Ass,/r/booty,"806,275"
Ass,/r/pawg,"1,909,717"
Ass,/r/paag,"1,308,776"
Ass,/r/cutelittlebutts,"1,084,362"
Ass,/r/hipcleavage,"271,975"
Ass,/r/frogbutt,"552,592"
Ass,/r/HungryButts,"751,818"
Ass,/r/celebritybutts,"406,354"
Ass,/r/cosplaybutts,"397,888"
Ass,/r/whooties,"639,763"
Ass,/r/booty_queens,"1,102,953"
Ass,/r/twerking,"804,685"
Anal,/r/anal,"1,810,012"
Anal,/r/analgw,"1,126,528"
Anal,/r/painal,"342,045"
Anal,/r/masterofanal,"613,902"
Anal,/r/buttsharpies,"174,428"
Asshole,/r/asshole,"1,392,007"
Asshole,/r/AssholeBehindThong,"764,469"
Asshole,/r/assholegonewild,"990,674"
Asshole,/r/spreadem,"863,090"
Asshole,/r/godasshole,"659,524"
Yoga pants,/r/girlsinyogapants,"1,112,415"
Yoga pants,/r/yogapants,"665,900"
Boobs/Nipples,/r/boobies,"948,455"
Boobs/Nipples,/r/TittyDrop,"2,326,734"
Boobs/Nipples,/r/boltedontits,"619,622"
Boobs/Nipples,/r/boobbounce,"1,129,087"
Boobs/Nipples,/r/boobs,"2,099,586"
Boobs/Nipples,/r/downblouse,"635,881"
Boobs/Nipples,/r/homegrowntits,"774,743"
Boobs/Nipples,/r/cleavage,"536,593"
Boobs/Nipples,/r/breastenvy,"388,343"
Boobs/Nipples,/r/youtubetitties,"366,604"
Boobs/Nipples,/r/torpedotits,"455,878"
Boobs/Nipples,/r/thehangingboobs,"236,914"
Boobs/Nipples,/r/page3glamour,"141,523"
Boobs/Nipples,/r/fortyfivefiftyfive,"604,890"
Boobs/Nipples,/r/tits,"835,464"
Boobs/Nipples,/r/amazingtits,"547,617"
Boobs/Nipples,/r/titstouchingtits,"238,537"
Busty,/r/BustyPetite,"2,491,686"
Busty,/r/hugeboobs,"1,052,024"
Busty,/r/stacked,"1,360,508"
Busty,/r/burstingout,"787,557"
Busty,/r/BigBoobsGW,"1,502,574"
Busty,/r/bigboobsgonewild,"374,052"
Busty,/r/2busty2hide,"846,287"
Busty,/r/bigtiddygothgf,"1,274,746"
Busty,/r/engorgedveinybreasts,"543,594"
Busty,/r/bigtitsinbikinis,"744,570"
Busty,/r/biggerthanherhead,"551,832"
Nipples,/r/pokies,"467,099"
Nipples,/r/ghostnipples,"752,404"
Nipples,/r/nipples,"751,252"
Nipples,/r/puffies,"342,114"
Nipples,/r/lactation,"443,689"
Small,/r/tinytits,"1,146,586"
Small,/r/aa_cups,"596,152"
Titfuck,/r/titfuck,"473,921"
Titfuck,/r/clothedtitfuck,"293,134"
Hair,/r/GirlswithNeonHair,"427,244"
Hair,/r/shorthairchicks,"471,751"
Hair,/r/blonde,"446,519"
Legs/feet,/r/girlsinyogapants,"1,112,415"
Legs/feet,/r/stockings,"401,806"
Legs/feet,/r/legs,"420,508"
Feet,/r/buttsandbarefeet,"836,303"
Feet,/r/feet,"373,562"
Thighs,/r/datgap,"406,273"
Thighs,/r/thighhighs,"771,283"
Thighs,/r/thickthighs,"1,280,933"
Thighs,/r/thighdeology,"596,199"
Pussy,/r/pussy,"2,664,014"
Pussy,/r/rearpussy,"972,983"
Pussy,/r/innie,"801,608"
Pussy,/r/simps,"591,668"
Pussy,/r/pelfie,"456,493"
Pussy,/r/LabiaGW,"790,381"
Pussy,/r/godpussy,"1,804,826"
Pussy,/r/cameltoe,"500,557"
Pussy,/r/pantiestotheside,"701,415"
Pussy,/r/breakingtheseal,"319,969"
Mound,/r/moundofvenus,"279,485"
Mound,/r/pussymound,"358,647"
Skin,/r/Hotchickswithtattoos,"950,567"
Skin,/r/sexyfrex,"484,600"
Skin,/r/tanlines,"688,489"
Skin,/r/oilporn,"528,665"
Skin,/r/ComplexionExcellence,"211,962"
Waist/Tummy,/r/SexyTummies,"719,600"
Waist/Tummy,/r/theratio,"614,118"
Body Type,/r/bodyperfection,"1,007,198"
Body Type,/r/samespecies,"201,650"
Body Type,/r/athleticgirls,"169,716"
Curvy/Thick/THICC,/r/gonewildcurvy,"706,215"
Curvy/Thick/THICC,/r/curvy,"1,742,529"
Curvy/Thick/THICC,/r/gonewildplus,"430,684"
Curvy/Thick/THICC,/r/thick,"1,350,454"
Curvy/Thick/THICC,/r/juicyasians,"1,802,210"
Curvy/Thick/THICC,/r/voluptuous,"440,302"
Curvy/Thick/THICC,/r/biggerthanyouthought,"1,953,415"
Curvy/Thick/THICC,/r/jigglefuck,"843,332"
Curvy/Thick/THICC,/r/chubby,"1,498,886"
Curvy/Thick/THICC,/r/SlimThick,"929,062"
Curvy/Thick/THICC,/r/massivetitsnass,"883,968"
Curvy/Thick/THICC,/r/thicker,"309,252"
Curvy/Thick/THICC,/r/thickthighs,"1,280,931"
Curvy/Thick/THICC,/r/tightsqueeze,"215,556"
Curvy/Thick/THICC,/r/casualjiggles,"192,502"
Curvy/Thick/THICC,/r/bbw,"822,637"
Curvy/Thick/THICC,/r/gonewildchubby,"319,849"
Curvy/Thick/THICC,/r/amazingcurves,"515,641"
Fit,/r/fitgirls,"1,049,384"
Fit,/r/fitnakedgirls,"1,253,082"
Petite,/r/BustyPetite,"2,491,686"
Petite,/r/dirtysmall,"1,300,470"
Petite,/r/funsized,"861,483"
Petite,/r/hugedicktinychick,"1,132,158"
Petite,/r/petite,"750,403"
Petite,/r/skinnytail,"578,331"
Athlete,/r/volleyballgirls,"234,575"
Athlete,/r/Ohlympics,"340,455"
Celebrity,/r/celebnsfw,"1,923,465"
Celebrity,/r/WatchItForThePlot,"1,276,821"
Celebrity,/r/oldschoolcoolNSFW,"316,249"
Celebrity,/r/extramile,"618,351"
Celebrity,/r/celebritybutts,"406,354"
Celebrity,/r/onoffcelebs,"348,730"
Celebrity,/r/celebswithbigtits,"707,032"
Celebrity,/r/youtubersgonewild,"430,351"
Cum,/r/cumsluts,"3,149,664"
Cum,/r/GirlsFinishingTheJob,"2,807,097"
Cum,/r/cumfetish,"1,450,800"
Cum,/r/amateurcumsluts,"1,275,161"
Cum,/r/cumcoveredfucking,"673,189"
Cum,/r/cumhaters,"530,769"
Cum,/r/thickloads,"529,644"
Cum,/r/before_after_cumsluts,"239,289"
Cum,/r/pulsatingcumshots,"309,678"
Cum Location,/r/creampies,"1,338,865"
Cum Location,/r/throatpies,"596,867"
Cum Location,/r/FacialFun,"885,470"
Cum Location,/r/cumonclothes,"402,509"
Cum Location,/r/oralcreampie,"384,403"
Cum Location,/r/creampie,"752,701"
Emotion,/r/HappyEmbarrassedGirls,"1,295,466"
Emotion,/r/unashamed,"341,032"
Emotion,/r/borednignored,"554,717"
Ethnicity,/r/damngoodinterracial,"703,332"
Asian,/r/AsianHotties,"1,664,184"
Asian,/r/AsiansGoneWild,"2,776,191"
Asian,/r/realasians,"530,392"
Asian,/r/juicyasians,"1,802,210"
Asian,/r/AsianNSFW,"991,684"
Asian,/r/nextdoorasians,"430,523"
Asian,/r/asianporn,"559,869"
Asian,/r/bustyasians,"802,311"
Asian,/r/paag,"1,308,776"
Indian,/r/IndianBabes,"834,878"
Indian,/r/indiansgonewild,"962,255"
Japanese,/r/NSFW_Japan,"719,593"
Korean,/r/kpopfap,"371,126"
Korean,/r/NSFW_Korea,"348,512"
Ebony,/r/WomenOfColor,"612,367"
Ebony,/r/darkangels,"737,058"
Ebony,/r/blackchickswhitedicks,"1,088,881"
Ebony,/r/ebony,"1,094,090"
Ebony,/r/Afrodisiac,"357,553"
Ginger,/r/ginger,"738,695"
Ginger,/r/redheads,"1,025,450"
Latina,/r/latinas,"1,978,277"
Latina,/r/latinasgw,"468,224"
Latina,/r/latinacuties,"440,329"
White,/r/palegirls,"1,284,092"
White,/r/pawg,"1,909,717"
White,/r/snowwhites,"475,028"
White,/r/whooties,"639,763"
Gifs,/r/NSFW_GIF,"2,890,080"
Gifs,/r/nsfw_gifs,"1,980,430"
Gifs,/r/porn_gifs,"888,731"
Gifs,/r/porninfifteenseconds,"1,899,321"
Gifs,/r/CuteModeSlutMode,"417,920"
Gifs,/r/60fpsporn,"671,821"
Gifs,/r/NSFW_HTML5,"400,692"
Gifs,/r/the_best_nsfw_gifs,"482,580"
Gifs,/r/besthqporngifs,"268,742"
Groups,/r/twingirls,"407,813"
Groups,/r/groupofnudegirls,"581,544"
Groups,/r/Ifyouhadtopickone,"472,042"
Hardcore,/r/nsfwhardcore,"2,436,107"
Hardcore,/r/SheLikesItRough,"1,620,638"
Hardcore,/r/jigglefuck,"843,332"
Hardcore,/r/whenitgoesin,"920,018"
Hardcore,/r/outercourse,"490,300"
Hardcore,/r/gangbang,"676,594"
Hardcore,/r/pegging,"519,664"
Hardcore,/r/insertions,"184,442"
Hardcore,/r/passionx,"409,893"
Hardcore,/r/xsome,"621,338"
Hardcore,/r/shefuckshim,"1,344,665"
Cuck,/r/cuckquean,"577,020"
Cum inside,/r/breeding,"812,153"
Cum inside,/r/forcedcreampie,"449,851"
Large Penis,/r/hugedicktinychick,"1,132,158"
Large Penis,/r/amateurgirlsbigcocks,"711,192"
Large Penis,/r/bbcsluts,"858,581"
Positions,/r/facesitting,"522,813"
Positions,/r/nsfw_plowcam,"504,868"
Positions,/r/pronebone,"675,156"
Positions,/r/facefuck,"881,662"
Positions,/r/girlswhoride,"793,366"
High Quality,/r/60fpsporn,"671,821"
High Quality,/r/highresNSFW,"537,973"
High Quality,/r/NSFW_HTML5,"400,692"
Professional/Cam,/r/remylacroix,"326,822"
Professional/Cam,/r/Anjelica_Ebbi,"123,632"
Professional/Cam,/r/BlancNoir,"81,585"
Professional/Cam,/r/rileyreid,"796,158"
Professional/Cam,/r/tessafowler,"327,560"
Professional/Cam,/r/mycherrycrush,"239,113"
Professional/Cam,/r/emilybloom,"222,114"
Professional/Cam,/r/miamalkova,"715,182"
Professional/Cam,/r/sashagrey,"287,171"
Professional/Cam,/r/angelawhite,"735,809"
Professional/Cam,/r/miakhalifa,"1,019,475"
Professional/Cam,/r/alexapearl,"464,759"
Professional/Cam,/r/lanarhoades,"875,755"
Professional/Cam,/r/evalovia,"375,593"
Professional/Cam,/r/GiannaMichaels,"245,880"
Professional/Cam,/r/erinashford,"301,972"
Professional/Cam,/r/sextrophies,"684,494"
Professional/Cam,/r/sabrina_nichole,"325,626"
Professional/Cam,/r/LiyaSilver,"327,032"
Professional/Cam,/r/AdrianaChechik,"504,547"
Professional/Cam,/r/abelladanger,"707,635"
Redditors,/r/sarah_xxx,"184,066"
Redditors,/r/dollywinks,"106,337"
Redditors,/r/funsizedasian,"131,885"
Redditors,/r/legendarylootz,"87,744"
Lesbian,/r/lesbians,"1,706,816"
Lesbian,/r/StraightGirlsPlaying,"809,059"
Lesbian,/r/girlskissing,"656,959"
Lesbian,/r/mmgirls,"256,850"
Lesbian,/r/dykesgonewild,"431,284"
Lesbian,/r/justfriendshavingfun,"862,317"
Masturbation/Orgasm,/r/holdthemoan,"1,992,344"
Masturbation/Orgasm,/r/O_faces,"664,333"
Masturbation/Orgasm,/r/jilling,"611,791"
Masturbation/Orgasm,/r/gettingherselfoff,"1,128,049"
Masturbation/Orgasm,/r/quiver,"811,883"
Masturbation/Orgasm,/r/GirlsHumpingThings,"355,795"
Masturbation/Orgasm,/r/mmgirls,"256,850"
Masturbation/Orgasm,/r/ruinedorgasms,"347,117"
Masturbation/Orgasm,/r/realahegao,"572,429"
Dildos,/r/suctiondildos,"482,767"
Dildos,/r/baddragon,"556,154"
Dildos,/r/grool,"1,438,964"
Dildos,/r/squirting,"1,607,657"
Men,/r/ladybonersgw,"399,371"
Men,/r/massivecock,"819,077"
Men,/r/chickflixxx,"353,038"
Men,/r/gaybrosgonewild,"643,076"
Men,/r/sissies,"764,988"
Men,/r/penis,"425,669"
Men,/r/monsterdicks,"694,236"
Men,/r/thickdick,"367,012"
Misogyny,/r/freeuse,"1,483,406"
Misogyny,/r/fuckdoll,"1,323,085"
Misogyny,/r/degradingholes,"1,009,142"
Outfits,/r/OnOff,"1,722,084"
Outfits,/r/nsfwoutfits,"527,349"
Outfits,/r/girlswithglasses,"1,005,813"
Outfits,/r/collared,"330,933"
Outfits,/r/seethru,"570,375"
Outfits,/r/cfnm,"279,903"
Outfits,/r/nsfwfashion,"254,525"
Outfits,/r/leotards,"117,476"
Outfits,/r/whyevenwearanything,"530,772"
Outfits,/r/shinyporn,"411,776"
Outfits,/r/gothsluts,"1,645,446"
Bikinis,/r/bikinis,"344,364"
Bikinis,/r/bikinibridge,"141,803"
Bikinis,/r/bigtitsinbikinis,"744,570"
Costumes,/r/nsfwcosplay,"1,369,390"
Costumes,/r/nsfwcostumes,"384,278"
Costumes,/r/girlsinschooluniforms,"167,080"
Dresses/Skirts,/r/WtSSTaDaMiT,"294,953"
Dresses/Skirts,/r/tightdresses,"774,162"
Dresses/Skirts,/r/upskirt,"1,318,444"
Dresses/Skirts,/r/SchoolgirlSkirts,"453,901"
Stockings/Socks,/r/stockings,"401,806"
Stockings/Socks,/r/thighhighs,"771,283"
Stockings/Socks,/r/leggingsgonewild,"358,745"
Pants/Shorts,/r/tight_shorts,"304,164"
Yoga pants,/r/girlsinyogapants,"1,112,415"
Yoga pants,/r/yogapants,"665,900"
Underwear,/r/lingerie,"639,243"
Underwear,/r/pantiestotheside,"701,415"
Thongs,/r/assinthong,"649,949"
Thongs,/r/AssholeBehindThong,"764,469"
Professional/Sites/Porn,/r/porn,"3,391,178"
Professional/Sites/Porn,/r/suicidegirls,"569,126"
Professional/Sites/Porn,/r/porninaminute,"511,259"
Public,/r/ChangingRooms,"571,605"
Public,/r/workgonewild,"1,352,072"
Public,/r/FlashingGirls,"761,229"
Public,/r/publicflashing,"1,371,254"
Public,/r/sexinfrontofothers,"1,320,755"
Public,/r/NotSafeForNature,"267,772"
Public,/r/gwpublic,"970,582"
Public,/r/realpublicnudity,"708,913"
Public,/r/flashingandflaunting,"691,161"
Public,/r/publicsexporn,"912,560"
Public,/r/nakedadventures,"401,993"
Social Media,/r/slutsofsnapchat,"1,033,498"
OnlyFans,/r/OnlyFans101,"1,806,814"
TikTok,/r/tiktoknsfw,"1,906,188"
TikTok,/r/tiktokthots,"1,495,365"
TikTok,/r/tiktokporn,"2,048,319"
Trash,/r/trashyboners,"1,464,945"
Selfies,/r/realsexyselfies,"219,215"
Selfies,/r/nude_selfie,"2,170,581"
Trans,/r/Tgirls,"677,325"
Trans,/r/traps,"1,212,432"
Trans,/r/futanari,"928,167"
Trans,/r/gonewildtrans,"696,354"
Trans,/r/tgifs,"329,309"
Trans,/r/shemales,"565,091"
Trans,/r/femboys,"1,269,689"
Trans,/r/transporn,"746,100"
Video,/r/pornvids,"781,436"
Meet People,/r/dirtysnapchat,"696,693"
Other NSFW,/r/randomactsofblowjob,"584,022"
Other NSFW,/r/NSFWFunny,"1,307,424"
Other NSFW,/r/pornhubcomments,"1,233,897"
Other NSFW,/r/randomactsofmuffdive,"309,497"
Other NSFW,/r/stupidslutsclub,"382,906"
Other NSFW,/r/sluttyconfessions,"1,491,168"
Other NSFW,/r/drunkdrunkenporn,"292,200"
Gore,/r/popping,"566,229"